1,9780439023480
2,9780439554930
3,9780316015840
4,9780061120080
5,9780743273560
6,9780525478810
7,9780618260300
8,9780316769170
9,9781416524790
10,9780679783270
11,9781594480000
12,9780062024040
13,9780451524940
14,9780452284240
15,9780553296980
16,9780307269750
17,9780439023500
18,9780439655480
19,9780618346260
20,9780439023510
21,9780439358070
22,9780316166680
23,9780439064870
24,9780439139600
25,9780545010220
26,9780307277670
27,9780439785970
28,9780140283330
29,9780743477120
30,9780297859380
31,9780399155340
32,9780142000670
33,9780739326220
34,9781612130290
35,9780061122420
36,9780385732550
37,9780060764890
38,9780965818670
39,9780553588480
40,9780143038410
41,9780786838650
42,9780451529300
43,9780142437210
44,9780553816720
45,9780770430080
46,9781565125600
47,9780375831000
48,9780307347980
49,9780316160190
50,9780060513030
51,9781416914280
52,9780316160210
53,9780375826700
54,9780345391800
55,9780060929880
56,9780316067930
57,9780142001740
58,9780142437180
59,9780064410940
60,9781400032720
61,9781594633670
62,9780679879240
63,9780393978900
64,9780743454540
65,9780385333850
66,9780446675540
67,9781594489500
68,9780671027350
69,9780007442910
70,9780812550700
71,9780141439470
72,9780450040180
73,9780316068050
74,9780142402510
75,9780140280100
76,9780141439660
77,9780439244190
78,9780307275550
79,9780143039950
80,9780156012200
81,9780743247540
82,9780385486800
83,9780141439600
84,9780307348140
85,9780060256650
86,9780385338610
87,9780374500020
88,9780142414930
89,9780345418260
90,9780140385720
91,9780385737940
92,9780061234000
93,9780517189600
94,9780060531040
95,9780375751520
96,9780345803500
97,9780393970130
98,9780307269980
99,9781612130580
